"EmmissionsCW",,"EmmissionsCWLnChng",,
0,0,0,0,
0.79291,0.58776,0.79291,0.58776,
1.6109,1.2049,1.6109,1.2049,
2.4184,1.8207,2.4184,1.8207,
3.2279,2.4479,3.2279,2.4479,
4.0075,3.0623,4.0075,3.0623,
4.8169,3.7146,4.8169,3.7146,
5.6383,4.3932,5.6383,4.3932,
6.4516,5.0838,6.4516,5.0838,
7.2333,5.7673,7.2333,5.7673,
8.0408,6.4952,8.0408,6.4952,
8.7986,7.1977,8.7986,7.1977,
9.569,7.9337,9.569,7.9337,
10.2934,8.6471,10.2934,8.6471,
11.03,9.3952,11.03,9.3952,
11.7707,10.1715,11.7707,10.1715,
12.4485,10.9051,12.4485,10.9051,
13.1374,11.675,13.1374,11.675,
13.8311,12.4734,13.8311,12.4734,
14.5354,13.3083,14.5354,13.3083,
15.1654,14.0755,15.1654,14.0755,
15.8071,14.8775,15.8071,14.8775,
16.4578,15.7113,16.4578,15.7113,
17.1199,16.5805,17.1199,16.5805,
17.7893,17.4825,17.7893,17.4825,
18.3837,18.3016,18.3837,18.3016,
18.977,19.1376,18.977,19.1376,
19.5787,20.0055,19.5787,20.0055,
20.1812,20.895,20.1812,20.895,
20.7789,21.7993,20.7789,21.7993,
21.3747,22.7223,21.3747,22.7223,
21.9679,23.665,21.9679,23.665,
22.5569,24.6259,22.5569,24.6259,
23.1403,25.604,23.1403,25.604,
23.7234,26.6082,23.7234,26.6082,
24.2198,27.4848,24.2198,27.4848,
24.7079,28.3661,24.7079,28.3661,
25.1959,29.266,25.1959,29.266,
25.6813,30.1784,25.6813,30.1784,
26.168,31.1091,26.168,31.1091,
26.6501,32.0457,26.6501,32.0457,
27.2936,33.3141,27.2936,33.3141,
28.601,35.9286,28.601,35.9286,
30.3648,39.4567,30.3648,39.4567,
30.9751,40.6577,30.9751,40.6577,
31.5122,41.7017,31.5122,41.7017,
32.0561,42.746,32.0561,42.746,
32.6101,43.7956,32.6101,43.7956,
33.087,44.6868,33.087,44.6868,
33.5662,45.5695,33.5662,45.5695,
34.0574,46.4606,34.0574,46.4606,
34.5583,47.3539,34.5583,47.3539,
35.0712,48.2515,35.0712,48.2515,
35.5956,49.1501,35.5956,49.1501,
36.1373,50.0581,36.1373,50.0581,
36.6868,50.9578,36.6868,50.9578,
37.2571,51.8686,37.2571,51.8686,
37.8443,52.7813,37.8443,52.7813,
38.4428,53.6848,38.4428,53.6848,
39.0682,54.5996,39.0682,54.5996,
39.7066,55.5036,39.7066,55.5036,
40.3666,56.4074,40.3666,56.4074,
41.0462,57.3067,41.0462,57.3067,
41.7482,58.2045,41.7482,58.2045,
42.4675,59.0936,42.4675,59.0936,
43.2011,59.971,43.2011,59.971,
43.9603,60.8495,43.9603,60.8495,
44.7342,61.7163,44.7342,61.7163,
45.534,62.5839,45.534,62.5839,
46.3484,63.4398,46.3484,63.4398,
47.1766,64.2845,47.1766,64.2845,
48.0249,65.1255,48.0249,65.1255,
48.888,65.9592,48.888,65.9592,
49.775,66.796,49.775,66.796,
50.6692,67.6216,50.6692,67.6216,
51.5784,68.446,51.5784,68.446,
52.506,69.2727,52.506,69.2727,
53.444,70.0957,53.444,70.0957,
54.3911,70.9158,54.3911,70.9158,
55.3508,71.737,55.3508,71.737,
56.3225,72.5602,56.3225,72.5602,
57.501,73.5481,57.501,73.5481,
58.8964,74.7057,58.8964,74.7057,
60.5143,76.0339,60.5143,76.0339,
62.777,77.8714,62.777,77.8714,
66.5787,80.9224,66.5787,80.9224,
72.4707,85.6041,72.4707,85.6041,
95.4653,103.6576,95.4653,103.6576,
174.4831,165.3219,174.4831,165.3219,
246.0685,221.2759,246.0685,221.2759,
325.1517,282.7195,325.1517,282.7195,
404.0027,344.2526,404.0027,344.2526,
450.4729,380.6028,450.4729,380.6028,
463.4089,390.8264,463.4089,390.8264,
473.1353,398.593,473.1353,398.593,
478.8087,403.1741,478.8087,403.1741,
482.0411,405.8151,482.0411,405.8151,
484.8614,408.146,484.8614,408.146,
487.273,410.1632,487.273,410.1632,
489.2654,411.8489,489.2654,411.8489,
491.2549,413.552,491.2549,413.552,
492.8391,414.9234,492.8391,414.9234,
494.4235,416.3091,494.4235,416.3091,
495.9966,417.6996,495.9966,417.6996,
497.5641,419.1001,497.5641,419.1001,
499.1205,420.5052,499.1205,420.5052,
501.0622,422.2786,501.0622,422.2786,
502.9933,424.0636,502.9933,424.0636,
504.9188,425.8625,504.9188,425.8625,
507.2172,428.032,507.2172,428.032,
510.2704,430.9447,510.2704,430.9447,
515.2192,435.7189,515.2192,435.7189,
525.8373,446.0787,525.8373,446.0787,
534.1803,454.292,534.1803,454.292,
595.0887,514.7118,595.0887,514.7118,
605.3484,525.0177,605.3484,525.0177,
611.3963,531.1583,611.3963,531.1583,
617.0353,536.9413,617.0353,536.9413,
623.0192,543.1446,623.0192,543.1446,
627.8472,548.2036,627.8472,548.2036,
631.9071,552.5012,631.9071,552.5012,
635.5886,556.4388,635.5886,556.4388,
638.8711,559.9889,638.8711,559.9889,
641.7699,563.1612,641.7699,563.1612,
644.2974,565.9568,644.2974,565.9568,
646.8062,568.7619,646.8062,568.7619,
649.2993,571.5799,649.2993,571.5799,
651.7787,574.4143,651.7787,574.4143,
654.2418,577.2621,654.2418,577.2621,
656.6908,580.1266,656.6908,580.1266,
659.12,583.0023,659.12,583.0023,
661.5348,585.895,661.5348,585.895,
663.9325,588.8016,663.9325,588.8016,
665.9764,591.3061,665.9764,591.3061,
668.0024,593.814,668.0024,593.814,
670.0187,596.3355,670.0187,596.3355,
672.0248,598.8707,672.0248,598.8707,
674.0127,601.4096,674.0127,601.4096,
675.9935,603.9655,675.9935,603.9655,
678.2886,606.961,678.2886,606.961,
680.5648,609.9665,680.5648,609.9665,
682.8227,612.9813,682.8227,612.9813,
685.0653,616.0084,685.0653,616.0084,
687.2981,619.055,687.2981,619.055,
689.5155,622.1141,689.5155,622.1141,
691.712,625.1783,691.712,625.1783,
693.895,628.2597,693.895,628.2597,
696.0614,631.3543,696.0614,631.3543,
697.9019,634.0131,697.9019,634.0131,
699.7266,636.6782,699.7266,636.6782,
701.5413,639.3583,701.5413,639.3583,
703.3418,642.0499,703.3418,642.0499,
705.1259,644.7499,705.1259,644.7499,
706.8927,647.4569,706.8927,647.4569,
708.6492,650.1838,708.6492,650.1838,
710.3838,652.9115,710.3838,652.9115,
712.1084,655.6592,712.1084,655.6592,
713.811,658.4079,713.811,658.4079,
715.4987,661.1684,715.4987,661.1684,
717.1767,663.9487,717.1767,663.9487,
718.8346,666.7329,718.8346,666.7329,
720.4805,669.5343,720.4805,669.5343,
722.1069,672.3391,722.1069,672.3391,
723.717,675.1527,723.717,675.1527,
725.3143,677.9808,725.3143,677.9808,
726.8972,680.8203,726.8972,680.8203,
728.4597,683.6598,728.4597,683.6598,
730.0115,686.5161,730.0115,686.5161,
731.5469,689.3776,731.5469,689.3776,
733.0677,692.2471,733.0677,692.2471,
734.8247,695.6079,734.8247,695.6079,
736.5627,698.979,736.5627,698.979,
738.283,702.3633,738.283,702.3633,
739.9848,705.7577,739.9848,705.7577,
741.6645,709.1528,741.6645,709.1528,
743.3324,712.5693,743.3324,712.5693,
744.9777,715.9834,744.9777,715.9834,
746.6076,719.4096,746.6076,719.4096,
748.4495,723.3365,748.4495,723.3365,
750.2709,727.2776,750.2709,727.2776,
752.0714,731.23,752.0714,731.23,
753.8505,735.191,753.8505,735.191,
755.6055,739.1534,755.6055,739.1534,
757.3428,743.1339,757.3428,743.1339,
759.0555,747.1191,759.0555,747.1191,
760.7502,751.1254,760.7502,751.1254,
762.4201,755.1334,762.4201,755.1334,
764.2766,759.6525,764.2766,759.6525,
766.7222,765.6902,766.7222,765.6902,
778.5636,795.4153,778.5636,795.4153,
792.211,830.1889,792.211,830.1889,
806.2667,866.5211,806.2667,866.5211,
820.9086,905.0126,820.9086,905.0126,
826.4413,919.7337,826.4413,919.7337,
830.1772,929.8391,830.1772,929.8391,
833.6148,939.2843,833.6148,939.2843,
836.5034,947.3531,836.5034,947.3531,
838.6356,953.4068,838.6356,953.4068,
840.4465,958.6346,840.4465,958.6346,
841.9554,963.0641,841.9554,963.0641,
843.3044,967.0938,843.3044,967.0938,
844.5006,970.7326,844.5006,970.7326,
845.5488,973.9812,845.5488,973.9812,
846.4581,976.852,846.4581,976.852,
847.3439,979.7015,847.3439,979.7015,
848.2105,982.5394,848.2105,982.5394,
849.1599,985.7089,849.1599,985.7089,
850.0841,988.8577,850.0841,988.8577,
851.0855,992.3417,851.0855,992.3417,
851.9599,995.4464,851.9599,995.4464,
852.8118,998.5294,852.8118,998.5294,
853.6434,1001.599,853.6434,1001.599,
854.4544,1004.66,854.4544,1004.66,
855.1554,1007.363,855.1554,1007.363,
855.8393,1010.058,855.8393,1010.058,
856.5081,1012.751,856.5081,1012.751,
857.1565,1015.421,857.1565,1015.421,
857.7923,1018.102,857.7923,1018.102,
858.4087,1020.762,858.4087,1020.762,
859.0127,1023.432,859.0127,1023.432,
859.6701,1026.414,859.6701,1026.414,
860.311,1029.397,860.311,1029.397,
860.9328,1032.368,860.9328,1032.368,
861.5377,1035.338,861.5377,1035.338,
862.1245,1038.298,862.1245,1038.298,
862.6935,1041.248,862.6935,1041.248,
863.246,1044.196,863.246,1044.196,
863.7812,1047.134,863.7812,1047.134,
864.2987,1050.061,864.2987,1050.061,
864.8005,1052.987,864.8005,1052.987,
865.3381,1056.225,865.3381,1056.225,
865.856,1059.451,865.856,1059.451,
866.4043,1062.991,866.4043,1062.991,
866.9312,1066.518,866.9312,1066.518,
867.4377,1070.034,867.4377,1070.034,
867.9243,1073.539,867.9243,1073.539,
868.3933,1077.044,868.3933,1077.044,
868.8435,1080.549,868.8435,1080.549,
869.2349,1083.732,869.2349,1083.732,
869.6077,1086.903,869.6077,1086.903,
869.9285,1089.763,869.9285,1089.763,
870.2335,1092.612,870.2335,1092.612,
870.5563,1095.783,870.5563,1095.783,
870.8914,1099.266,870.8914,1099.266,
871.2073,1102.748,871.2073,1102.748,
871.5306,1106.532,871.5306,1106.532,
871.8353,1110.326,871.8353,1110.326,
872.1197,1114.109,872.1197,1114.109,
872.3839,1117.892,872.3839,1117.892,
872.628,1121.676,872.628,1121.676,
872.8523,1125.459,872.8523,1125.459,
873.0391,1128.919,873.0391,1128.919,
873.2071,1132.38,873.2071,1132.38,
873.3558,1135.841,873.3558,1135.841,
873.4743,1138.99,873.4743,1138.99,
873.5661,1141.816,873.5661,1141.816,
873.6438,1144.653,873.6438,1144.653,
873.7136,1147.802,873.7136,1147.802,
873.7661,1150.951,873.7661,1150.951,
873.8013,1154.1,873.8013,1154.1,
873.8178,1156.938,873.8178,1156.938,
873.8199,1159.775,873.8199,1159.775,
873.8076,1162.612,873.8076,1162.612,
873.7809,1165.461,873.7809,1165.461,
873.7347,1168.61,873.7347,1168.61,
873.6716,1171.759,873.6716,1171.759,
873.5835,1175.231,873.5835,1175.231,
873.4769,1178.702,873.4769,1178.702,
873.352,1182.163,873.352,1182.163,
873.2219,1185.312,873.2219,1185.312,
873.0753,1188.472,873.0753,1188.472,
872.9129,1191.621,872.9129,1191.621,
872.7336,1194.77,872.7336,1194.77,
872.5374,1197.919,872.5374,1197.919,
872.3237,1201.067,872.3237,1201.067,
872.0934,1204.217,872.0934,1204.217,
871.8455,1207.377,871.8455,1207.377,
871.582,1210.525,871.582,1210.525,
871.3019,1213.674,871.3019,1213.674,
871.0055,1216.823,871.0055,1216.823,
870.6925,1219.972,870.6925,1219.972,
870.3636,1223.121,870.3636,1223.121,
869.9829,1226.593,869.9829,1226.593,
869.5493,1230.364,869.5493,1230.364,
869.019,1234.771,869.019,1234.771,
868.4649,1239.177,868.4649,1239.177,
867.889,1243.572,867.889,1243.572,
867.246,1248.29,867.246,1248.29,
866.4873,1253.642,866.4873,1253.642,
865.2857,1261.809,865.2857,1261.809,
859.7303,1298.616,859.7303,1298.616,
859.1049,1303.034,859.1049,1303.034,
858.5898,1306.817,858.5898,1306.817,
858.1775,1309.977,858.1775,1309.977,
857.8609,1312.514,857.8609,1312.514,
857.5961,1314.729,857.5961,1314.729,
857.3785,1316.632,857.3785,1316.632,
857.1713,1318.534,857.1713,1318.534,
857.0068,1320.125,857.0068,1320.125,
856.8508,1321.717,856.8508,1321.717,
856.7052,1323.296,856.7052,1323.296,
856.5942,1324.576,856.5942,1324.576,
856.4906,1325.844,856.4906,1325.844,
856.3939,1327.113,856.3939,1327.113,
856.3031,1328.393,856.3031,1328.393,
856.2203,1329.661,856.2203,1329.661,
856.1441,1330.941,856.1441,1330.941,
856.0762,1332.209,856.0762,1332.209,
856.0155,1333.488,856.0155,1333.488,
855.9629,1334.768,855.9629,1334.768,
855.9191,1336.037,855.9191,1336.037,
855.8835,1337.316,855.8835,1337.316,
855.8569,1338.585,855.8569,1338.585,
855.8391,1339.864,855.8391,1339.864,
855.8304,1341.144,855.8304,1341.144,
855.8312,1342.412,855.8312,1342.412,
855.8416,1343.692,855.8416,1343.692,
855.8616,1344.972,855.8616,1344.972,
855.8912,1346.24,855.8912,1346.24,
855.9314,1347.52,855.9314,1347.52,
855.9819,1348.799,855.9819,1348.799,
856.0422,1350.068,856.0422,1350.068,
856.1135,1351.347,856.1135,1351.347,
856.1944,1352.616,856.1944,1352.616,
856.2867,1353.895,856.2867,1353.895,
856.3882,1355.163,856.3882,1355.163,
856.4999,1356.432,856.4999,1356.432,
856.6214,1357.701,856.6214,1357.701,
856.7527,1358.969,856.7527,1358.969,
856.8939,1360.238,856.8939,1360.238,
857.0449,1361.507,857.0449,1361.507,
857.2055,1362.775,857.2055,1362.775,
857.3759,1364.043,857.3759,1364.043,
857.5547,1365.301,857.5547,1365.301,
857.7441,1366.569,857.7441,1366.569,
857.9415,1367.827,857.9415,1367.827,
858.1484,1369.085,858.1484,1369.085,
858.3643,1370.342,858.3643,1370.342,
858.5898,1371.599,858.5898,1371.599,
858.8254,1372.857,858.8254,1372.857,
859.0702,1374.114,859.0702,1374.114,
859.3226,1375.36,859.3226,1375.36,
859.5872,1376.618,859.5872,1376.618,
859.8592,1377.864,859.8592,1377.864,
860.1411,1379.11,860.1411,1379.11,
860.4327,1380.355,860.4327,1380.355,
860.7351,1381.603,860.7351,1381.603,
861.0443,1382.838,861.0443,1382.838,
861.3639,1384.073,861.3639,1384.073,
861.6942,1385.31,861.6942,1385.31,
862.034,1386.543,862.034,1386.543,
862.3846,1387.778,862.3846,1387.778,
862.7429,1389.003,862.7429,1389.003,
863.1107,1390.226,863.1107,1390.226,
863.4899,1391.451,863.4899,1391.451,
863.8764,1392.665,863.8764,1392.665,
864.2733,1393.878,864.2733,1393.878,
864.6804,1395.089,864.6804,1395.089,
865.0987,1396.302,865.0987,1396.302,
865.5251,1397.505,865.5251,1397.505,
865.9622,1398.707,865.9622,1398.707,
866.4102,1399.907,866.4102,1399.907,
866.8663,1401.098,866.8663,1401.098,
867.3334,1402.288,867.3334,1402.288,
867.8121,1403.479,867.8121,1403.479,
868.298,1404.658,868.298,1404.658,
868.7958,1405.838,868.7958,1405.838,
869.3049,1407.016,869.3049,1407.016,
869.8218,1408.186,869.8218,1408.186,
870.3455,1409.344,870.3455,1409.344,
870.8801,1410.501,870.8801,1410.501,
871.4266,1411.658,871.4266,1411.658,
871.9854,1412.816,871.9854,1412.816,
872.5493,1413.961,872.5493,1413.961,
873.1206,1415.098,873.1206,1415.098,
873.7022,1416.232,873.7022,1416.232,
874.2955,1417.368,874.2955,1417.368,
874.8948,1418.493,874.8948,1418.493,
875.5042,1419.617,875.5042,1419.617,
876.1258,1420.741,876.1258,1420.741,
876.7513,1421.852,876.7513,1421.852,
877.384,1422.956,877.384,1422.956,
878.0322,1424.065,878.0322,1424.065,
878.6876,1425.167,878.6876,1425.167,
879.3488,1426.259,879.3488,1426.259,
880.0204,1427.349,880.0204,1427.349,
880.6975,1428.428,880.6975,1428.428,
881.3871,1429.508,881.3871,1429.508,
882.0823,1430.578,882.0823,1430.578,
882.7881,1431.645,882.7881,1431.645,
883.4993,1432.702,883.4993,1432.702,
884.2236,1433.759,884.2236,1433.759,
884.9533,1434.807,884.9533,1434.807,
885.6937,1435.851,885.6937,1435.851,
886.4419,1436.889,886.4419,1436.889,
887.1982,1437.921,887.1982,1437.921,
887.9621,1438.946,887.9621,1438.946,
888.7368,1439.968,888.7368,1439.968,
889.5167,1440.981,889.5167,1440.981,
890.3096,1441.993,890.3096,1441.993,
891.105,1442.993,891.105,1442.993,
891.9083,1443.987,891.9083,1443.987,
892.7221,1444.977,892.7221,1444.977,
893.5407,1445.958,893.5407,1445.958,
894.3699,1446.935,894.3699,1446.935,
895.2038,1447.904,895.2038,1447.904,
896.0481,1448.869,896.0481,1448.869,
896.8946,1449.822,896.8946,1449.822,
897.754,1450.775,897.754,1450.775,
898.6156,1451.716,898.6156,1451.716,
899.4899,1452.657,899.4899,1452.657,
900.3634,1453.582,900.3634,1453.582,
901.2506,1454.507,901.2506,1454.507,
902.1447,1455.426,902.1447,1455.426,
903.047,1456.339,903.047,1456.339,
903.9506,1457.239,903.9506,1457.239,
904.8682,1458.139,904.8682,1458.139,
905.7867,1459.027,905.7867,1459.027,
906.7135,1459.909,906.7135,1459.909,
907.645,1460.783,907.645,1460.783,
908.5833,1461.649,908.5833,1461.649,
909.5356,1462.515,909.5356,1462.515,
910.4832,1463.364,910.4832,1463.364,
911.4446,1464.213,911.4446,1464.213,
912.4125,1465.054,912.4125,1465.054,
913.3848,1465.887,913.3848,1465.887,
914.3616,1466.712,914.3616,1466.712,
915.343,1467.528,915.343,1467.528,
916.3341,1468.341,916.3341,1468.341,
917.331,1469.147,917.331,1469.147,
918.3269,1469.94,918.3269,1469.94,
919.337,1470.733,919.337,1470.733,
920.3475,1471.514,920.3475,1471.514,
921.3681,1472.291,921.3681,1472.291,
922.3893,1473.056,922.3893,1473.056,
923.4196,1473.815,923.4196,1473.815,
924.4559,1474.567,924.4559,1474.567,
925.5018,1475.313,925.5018,1475.313,
926.5484,1476.047,926.5484,1476.047,
927.6003,1476.772,927.6003,1476.772,
928.6573,1477.488,928.6573,1477.488,
929.7249,1478.199,929.7249,1478.199,
930.7932,1478.897,930.7932,1478.897,
931.8719,1479.59,931.8719,1479.59,
932.9515,1480.27,932.9515,1480.27,
934.0467,1480.947,934.0467,1480.947,
935.1424,1481.612,935.1424,1481.612,
936.239,1482.265,936.239,1482.265,
937.3412,1482.908,937.3412,1482.908,
938.4587,1483.549,938.4587,1483.549,
939.5719,1484.174,939.5719,1484.174,
940.6956,1484.793,940.6956,1484.793,
941.8201,1485.401,941.8201,1485.401,
942.9554,1486.002,942.9554,1486.002,
944.0907,1486.591,944.0907,1486.591,
945.2317,1487.172,945.2317,1487.172,
946.3827,1487.746,946.3827,1487.746,
947.535,1488.309,947.535,1488.309,
948.692,1488.863,948.692,1488.863,
949.8545,1489.408,949.8545,1489.408,
951.017,1489.942,951.017,1489.942,
952.1854,1490.468,952.1854,1490.468,
953.3635,1490.986,953.3635,1490.986,
954.5416,1491.494,954.5416,1491.494,
955.7213,1491.991,955.7213,1491.991,
956.9108,1492.482,956.9108,1492.482,
958.1005,1492.961,958.1005,1492.961,
959.2939,1493.43,959.2939,1493.43,
960.4954,1493.892,960.4954,1493.892,
961.6906,1494.341,961.6906,1494.341,
962.9014,1494.784,962.9014,1494.784,
964.1122,1495.217,964.1122,1495.217,
965.3229,1495.639,965.3229,1495.639,
966.5396,1496.053,966.5396,1496.053,
967.7561,1496.456,967.7561,1496.456,
968.9787,1496.849,968.9787,1496.849,
970.2044,1497.234,970.2044,1497.234,
971.4363,1497.609,971.4363,1497.609,
972.6648,1497.973,972.6648,1497.973,
973.8965,1498.327,973.8965,1498.327,
975.1405,1498.674,975.1405,1498.674,
976.381,1499.009,976.381,1499.009,
977.6249,1499.334,977.6249,1499.334,
978.8685,1499.649,978.8685,1499.649,
980.1187,1499.954,980.1187,1499.954,
981.3713,1500.25,981.3713,1500.25,
982.6213,1500.534,982.6213,1500.534,
983.8801,1500.81,983.8801,1500.81,
985.1387,1501.075,985.1387,1501.075,
986.3973,1501.33,986.3973,1501.33,
987.6623,1501.575,987.6623,1501.575,
988.9273,1501.809,988.9273,1501.809,
990.192,1502.033,990.192,1502.033,
991.4567,1502.247,991.4567,1502.247,
992.7296,1502.452,992.7296,1502.452,
994.0007,1502.646,994.0007,1502.646,
995.2667,1502.829,995.2667,1502.829,
996.5377,1503.003,996.5377,1503.003,
997.8167,1503.168,997.8167,1503.168,
999.0889,1503.322,999.0889,1503.322,
1000.3663,1503.467,1000.3663,1503.467,
1001.6385,1503.601,1001.6385,1503.601,
1002.918,1503.726,1002.918,1503.726,
1004.1965,1503.84,1004.1965,1503.84,
1005.475,1503.946,1005.475,1503.946,
1006.7541,1504.041,1006.7541,1504.041,
1008.033,1504.127,1008.033,1504.127,
1009.3187,1504.203,1009.3187,1504.203,
1010.5976,1504.269,1010.5976,1504.269,
1011.8831,1504.327,1011.8831,1504.327,
1013.1617,1504.373,1013.1617,1504.373,
1014.4472,1504.41,1014.4472,1504.41,
1015.7329,1504.437,1015.7329,1504.437,
1017.0185,1504.454,1017.0185,1504.454,
1018.2973,1504.461,1018.2973,1504.461,
1019.5829,1504.457,1019.5829,1504.457,
1020.8685,1504.444,1020.8685,1504.444,
1022.1541,1504.42,1022.1541,1504.42,
1023.4397,1504.386,1023.4397,1504.386,
1024.7252,1504.342,1024.7252,1504.342,
1026.0108,1504.288,1026.0108,1504.288,
1027.2966,1504.223,1027.2966,1504.223,
1028.5756,1504.149,1028.5756,1504.149,
1029.8608,1504.065,1029.8608,1504.065,
1031.1468,1503.969,1031.1468,1503.969,
1032.4252,1503.865,1032.4252,1503.865,
1033.7047,1503.75,1033.7047,1503.75,
1034.9832,1503.625,1034.9832,1503.625,
1036.2684,1503.488,1036.2684,1503.488,
1037.5403,1503.343,1037.5403,1503.343,
1038.819,1503.186,1038.819,1503.186,
1040.091,1503.02,1040.091,1503.02,
1041.3697,1502.842,1041.3697,1502.842,
1042.642,1502.655,1042.642,1502.655,
1043.9076,1502.459,1043.9076,1502.459,
1045.1784,1502.25,1045.1784,1502.25,
1046.4442,1502.033,1046.4442,1502.033,
1047.7102,1501.804,1047.7102,1501.804,
1048.9745,1501.566,1048.9745,1501.566,
1050.2321,1501.318,1050.2321,1501.318,
1051.4985,1501.057,1051.4985,1501.057,
1052.7562,1500.788,1052.7562,1500.788,
1054.0076,1500.51,1054.0076,1500.51,
1055.2591,1500.221,1055.2591,1500.221,
1056.5107,1499.921,1056.5107,1499.921,
1057.7624,1499.611,1057.7624,1499.611,
1059.0078,1499.291,1059.0078,1499.291,
1060.2507,1498.962,1060.2507,1498.962,
1061.4964,1498.622,1061.4964,1498.622,
1062.7331,1498.273,1062.7331,1498.273,
1063.9729,1497.912,1063.9729,1497.912,
1065.2034,1497.544,1065.2034,1497.544,
1066.4341,1497.165,1066.4341,1497.165,
1067.6648,1496.775,1067.6648,1496.775,
1068.8893,1496.376,1068.8893,1496.376,
1070.108,1495.968,1070.108,1495.968,
1071.3295,1495.549,1071.3295,1495.549,
1072.5422,1495.122,1072.5422,1495.122,
1073.7516,1494.685,1073.7516,1494.685,
1074.9608,1494.237,1074.9608,1494.237,
1076.1644,1493.78,1076.1644,1493.78,
1077.3678,1493.313,1077.3678,1493.313,
1078.5655,1492.837,1078.5655,1492.837,
1079.7571,1492.352,1079.7571,1492.352,
1080.9448,1491.857,1080.9448,1491.857,
1082.1308,1491.352,1082.1308,1491.352,
1083.3127,1490.838,1083.3127,1490.838,
1084.4888,1490.314,1084.4888,1490.314,
1085.6648,1489.78,1085.6648,1489.78,
1086.8309,1489.239,1086.8309,1489.239,
1087.996,1488.688,1087.996,1488.688,
1089.1567,1488.127,1089.1567,1488.127,
1090.316,1487.556,1090.316,1487.556,
1091.4654,1486.979,1091.4654,1486.979,
1092.6149,1486.391,1092.6149,1486.391,
1093.7544,1485.796,1093.7544,1485.796,
1094.8931,1485.19,1094.8931,1485.19,
1096.027,1484.576,1096.027,1484.576,
1097.1553,1483.953,1097.1553,1483.953,
1098.2837,1483.319,1098.2837,1483.319,
1099.3967,1482.682,1099.3967,1482.682,
1100.5143,1482.03,1100.5143,1482.03,
1101.6269,1481.37,1101.6269,1481.37,
1102.7289,1480.704,1102.7289,1480.704,
1103.8308,1480.027,1103.8308,1480.027,
1104.9223,1479.344,1104.9223,1479.344,
1106.0133,1478.649,1106.0133,1478.649,
1107.0939,1477.948,1107.0939,1477.948,
1108.174,1477.235,1108.174,1477.235,
1109.2387,1476.52,1109.2387,1476.52,
1110.3081,1475.79,1110.3081,1475.79,
1111.3669,1475.054,1111.3669,1475.054,
1112.4205,1474.309,1112.4205,1474.309,
1113.4637,1473.559,1113.4637,1473.559,
1114.507,1472.796,1114.507,1472.796,
1115.5395,1472.028,1115.5395,1472.028,
1116.5712,1471.248,1116.5712,1471.248,
1117.5934,1470.463,1117.5934,1470.463,
1118.6091,1469.669,1118.6091,1469.669,
1119.6155,1468.869,1119.6155,1468.869,
1120.6207,1468.057,1120.6207,1468.057,
1121.6112,1467.243,1121.6112,1467.243,
1122.6058,1466.412,1122.6058,1466.412,
1123.5859,1465.58,1123.5859,1465.58,
1124.5592,1464.74,1124.5592,1464.74,
1125.5325,1463.886,1125.5325,1463.886,
1126.4915,1463.031,1126.4915,1463.031,
1127.4488,1462.163,1127.4488,1462.163,
1128.3915,1461.294,1128.3915,1461.294,
1129.3322,1460.412,1129.3322,1460.412,
1130.2638,1459.523,1130.2638,1459.523,
1131.1901,1458.625,1131.1901,1458.625,
1132.1052,1457.723,1132.1052,1457.723,
1133.0148,1456.81,1133.0148,1456.81,
1133.9133,1455.894,1133.9133,1455.894,
1134.812,1454.962,1134.812,1454.962,
1135.6965,1454.03,1135.6965,1454.03,
1136.5734,1453.09,1136.5734,1453.09,
1137.4473,1452.138,1137.4473,1452.138,
1138.3103,1451.182,1138.3103,1451.182,
1139.1626,1450.223,1139.1626,1450.223,
1140.0068,1449.258,1140.0068,1449.258,
1140.8489,1448.279,1140.8489,1448.279,
1141.6803,1447.298,1141.6803,1447.298,
1142.504,1446.31,1142.504,1446.31,
1143.325,1445.309,1143.325,1445.309,
1144.1274,1444.315,1144.1274,1444.315,
1144.9302,1443.304,1144.9302,1443.304,
1145.7225,1442.291,1145.7225,1442.291,
1146.5097,1441.268,1146.5097,1441.268,
1147.2867,1440.242,1147.2867,1440.242,
1148.0559,1439.21,1148.0559,1439.21,
1148.815,1438.175,1148.815,1438.175,
1149.5688,1437.13,1149.5688,1437.13,
1150.3122,1436.083,1150.3122,1436.083,
1151.0503,1435.026,1151.0503,1435.026,
1151.7812,1433.962,1151.7812,1433.962,
1152.5036,1432.892,1152.5036,1432.892,
1153.2137,1431.823,1153.2137,1431.823,
1153.9188,1430.744,1153.9188,1430.744,
1154.6135,1429.663,1154.6135,1429.663,
1155.3029,1428.572,1155.3029,1428.572,
1155.9851,1427.473,1155.9851,1427.473,
1156.6525,1426.381,1156.6525,1426.381,
1157.3193,1425.27,1157.3193,1425.27,
1157.9758,1424.158,1157.9758,1424.158,
1158.6206,1423.046,1158.6206,1423.046,
1159.2618,1421.922,1159.2618,1421.922,
1159.8912,1420.798,1159.8912,1420.798,
1160.5106,1419.673,1160.5106,1419.673,
1161.1233,1418.54,1161.1233,1418.54,
1161.7322,1417.394,1161.7322,1417.394,
1162.3249,1416.257,1162.3249,1416.257,
1162.9172,1415.102,1162.9172,1415.102,
1163.4953,1413.955,1163.4953,1413.955,
1164.0668,1412.799,1164.0668,1412.799,
1164.6301,1411.64,1164.6301,1411.64,
1165.1868,1410.473,1165.1868,1410.473,
1165.7297,1409.314,1165.7297,1409.314,
1166.2705,1408.138,1166.2705,1408.138,
1166.7992,1406.968,1166.7992,1406.968,
1167.3218,1405.789,1167.3218,1405.789,
1167.8353,1404.61,1167.8353,1404.61,
1168.3398,1403.43,1168.3398,1403.43,
1168.8393,1402.239,1168.8393,1402.239,
1169.3288,1401.05,1169.3288,1401.05,
1169.8106,1399.858,1169.8106,1399.858,
1170.2865,1398.658,1170.2865,1398.658,
1170.751,1397.465,1170.751,1397.465,
1171.21,1396.263,1171.21,1396.263,
1171.6642,1395.052,1171.6642,1395.052,
1172.1064,1393.849,1172.1064,1393.849,
1172.5433,1392.639,1172.5433,1392.639,
1172.9728,1391.425,1172.9728,1391.425,
1173.3943,1390.211,1173.3943,1390.211,
1173.8102,1388.989,1173.8102,1388.989,
1174.2156,1387.775,1174.2156,1387.775,
1174.6163,1386.552,1174.6163,1386.552,
1175.0099,1385.327,1175.0099,1385.327,
1175.3963,1384.102,1175.3963,1384.102,
1175.778,1382.869,1175.778,1382.869,
1176.1505,1381.644,1176.1505,1381.644,
1176.6111,1380.098,1176.6111,1380.098,
1177.0594,1378.562,1177.0594,1378.562,
1177.5014,1377.016,1177.5014,1377.016,
1178.0217,1375.158,1178.0217,1375.158,
1178.6156,1372.99,1178.6156,1372.99,
1179.2812,1370.507,1179.2812,1370.507,
1180.2593,1366.782,1180.2593,1366.782,
1182.8094,1356.834,1182.8094,1356.834,
1187.8265,1336.839,1187.8265,1336.839,
1211.8335,1239.416,1211.8335,1239.416,
1235.6426,1142.06,1235.6426,1142.06,
1252.8253,1071.697,1252.8253,1071.697,
1255.5469,1060.336,1255.5469,1060.336,
1257.2267,1053.16,1257.2267,1053.16,
1258.6782,1046.806,1258.6782,1046.806,
1259.9091,1041.287,1259.9091,1041.287,
1261.0195,1036.182,1261.0195,1036.182,
1261.9216,1031.92,1261.9216,1031.92,
1262.6252,1028.504,1262.6252,1028.504,
1263.2256,1025.51,1263.2256,1025.51,
1263.7252,1022.951,1263.7252,1022.951,
1264.2152,1020.369,1264.2152,1020.369,
1264.6879,1017.799,1264.6879,1017.799,
1265.0706,1015.651,1265.0706,1015.651,
1265.4435,1013.493,1265.4435,1013.493,
1265.8024,1011.345,1265.8024,1011.345,
1266.1503,1009.188,1266.1503,1009.188,
1266.4852,1007.029,1266.4852,1007.029,
1266.8066,1004.87,1266.8066,1004.87,
1267.1159,1002.701,1267.1159,1002.701,
1267.3532,1000.965,1267.3532,1000.965,
1267.5812,999.2293,1267.5812,999.2293,
1267.8003,997.4927,1267.8003,997.4927,
1268.01,995.7574,1268.01,995.7574,
1268.2106,994.0211,1268.2106,994.0211,
1268.4019,992.2854,1268.4019,992.2854,
1268.5851,990.5391,1268.5851,990.5391,
1268.7581,988.8035,1268.7581,988.8035,
1268.923,987.0567,1268.923,987.0567,
1269.0792,985.3103,1269.0792,985.3103,
1269.2617,983.1292,1269.2617,983.1292,
1269.431,980.9486,1269.431,980.9486,
1269.5885,978.7565,1269.5885,978.7565,
1269.7328,976.5756,1269.7328,976.5756,
1269.8659,974.3836,1269.8659,974.3836,
1269.9867,972.1913,1269.9867,972.1913,
1270.0955,969.9992,1270.0955,969.9992,
1270.192,967.8072,1270.192,967.8072,
1270.276,965.6149,1270.276,965.6149,
1270.3472,963.423,1270.3472,963.423,
1270.4058,961.2198,1270.4058,961.2198,
1270.4508,959.0277,1270.4508,959.0277,
1270.4771,957.2586,1270.4771,957.2586,
1270.4945,955.5005,1270.4945,955.5005,
1270.5028,953.7425,1270.5028,953.7425,
1270.5021,951.9844,1270.5021,951.9844,
1270.4922,950.2152,1270.4922,950.2152,
1270.4733,948.4571,1270.4733,948.4571,
1270.4452,946.6991,1270.4452,946.6991,
1270.4077,944.9298,1270.4077,944.9298,
1270.3613,943.1716,1270.3613,943.1716,
1270.3051,941.4024,1270.3051,941.4024,
1270.2401,939.6442,1270.2401,939.6442,
1270.1657,937.886,1270.1657,937.886,
1270.0814,936.1169,1270.0814,936.1169,
1269.9876,934.3587,1269.9876,934.3587,
1269.884,932.6007,1269.884,932.6007,
1269.7698,930.8318,1269.7698,930.8318,
1269.6459,929.0738,1269.6459,929.0738,
1269.5118,927.3156,1269.5118,927.3156,
1269.3663,925.5466,1269.3663,925.5466,
1269.2111,923.7883,1269.2111,923.7883,
1269.0452,922.0305,1269.0452,922.0305,
1268.8686,920.2723,1268.8686,920.2723,
1268.6811,918.5139,1268.6811,918.5139,
1268.4828,916.7559,1268.4828,916.7559,
1268.2735,914.9975,1268.2735,914.9975,
1268.0549,913.2505,1268.0549,913.2505,
1267.8242,911.4922,1267.8242,911.4922,
1267.583,909.7344,1267.583,909.7344,
1267.3328,907.987,1267.3328,907.987,
1267.0725,906.2401,1267.0725,906.2401,
1266.8002,904.4818,1266.8002,904.4818,
1266.5196,902.7349,1266.5196,902.7349,
1266.2289,900.9873,1266.2289,900.9873,
1265.9301,899.251,1265.9301,899.251,
1265.6195,897.5045,1265.6195,897.5045,
1265.2987,895.7574,1265.2987,895.7574,
1264.9696,894.0217,1264.9696,894.0217,
1264.6301,892.2853,1264.6301,892.2853,
1264.2804,890.5496,1264.2804,890.5496,
1263.9199,888.8134,1263.9199,888.8134,
1263.5489,887.0779,1263.5489,887.0779,
1263.167,885.3434,1263.167,885.3434,
1262.7765,883.6189,1262.7765,883.6189,
1262.3748,881.8938,1262.3748,881.8938,
1261.9619,880.1681,1261.9619,880.1681,
1261.5378,878.4435,1261.5378,878.4435,
1261.105,876.7304,1261.105,876.7304,
1260.6602,875.0152,1260.6602,875.0152,
1260.2047,873.3028,1260.2047,873.3028,
1259.7398,871.5984,1259.7398,871.5984,
1259.2613,869.8866,1259.2613,869.8866,
1258.7736,868.1829,1258.7736,868.1829,
1258.2785,866.4924,1258.2785,866.4924,
1257.7684,864.789,1257.7684,864.789,
1257.2508,863.0991,1257.2508,863.0991,
1256.7213,861.4066,1256.7213,861.4066,
1256.1841,859.7254,1256.1841,859.7254,
1255.6362,858.0455,1255.6362,858.0455,
1255.0769,856.3648,1255.0769,856.3648,
1254.507,854.6853,1254.507,854.6853,
1253.9288,853.0152,1253.9288,853.0152,
1253.3399,851.3464,1253.3399,851.3464,
1252.7403,849.6789,1252.7403,849.6789,
1252.1326,848.0206,1252.1326,848.0206,
1251.5133,846.3614,1251.5133,846.3614,
1250.8869,844.7136,1250.8869,844.7136,
1250.246,843.0575,1250.246,843.0575,
1249.6011,841.42,1249.6011,841.42,
1248.9417,839.7744,1248.9417,839.7744,
1248.2742,838.1376,1248.2742,838.1376,
1247.5958,836.5025,1247.5958,836.5025,
1246.9097,834.8759,1246.9097,834.8759,
1246.2129,833.2511,1246.2129,833.2511,
1245.5051,831.6279,1245.5051,831.6279,
1244.7897,830.0133,1244.7897,830.0133,
1244.0634,828.4005,1244.0634,828.4005,
1243.3309,826.7986,1243.3309,826.7986,
1242.5865,825.1958,1242.5865,825.1958,
1241.83,823.5923,1241.83,823.5923,
1241.0688,822.0021,1241.0688,822.0021,
1240.2958,820.4108,1240.2958,820.4108,
1239.5172,818.8304,1239.5172,818.8304,
1238.7271,817.2487,1238.7271,817.2487,
1237.9267,815.6687,1237.9267,815.6687,
1237.1209,814.0991,1237.1209,814.0991,
1236.3052,812.5312,1236.3052,812.5312,
1235.4826,810.9707,1235.4826,810.9707,
1234.6517,809.4147,1234.6517,809.4147,
1233.8141,807.866,1233.8141,807.866,
1232.9668,806.3189,1232.9668,806.3189,
1232.1096,804.7734,1232.1096,804.7734,
1231.2474,803.238,1231.2474,803.238,
1230.374,801.7012,1230.374,801.7012,
1229.4971,800.1777,1229.4971,800.1777,
1228.6086,798.6529,1228.6086,798.6529,
1227.71,797.13,1227.71,797.13,
1226.8065,795.6173,1226.8065,795.6173,
1225.8958,794.1116,1225.8958,794.1116,
1224.9768,792.611,1224.9768,792.611,
1224.0504,791.1176,1224.0504,791.1176,
1223.1136,789.6265,1223.1136,789.6265,
1222.1659,788.1378,1222.1659,788.1378,
1221.2128,786.6596,1221.2128,786.6596,
1220.2521,785.1885,1220.2521,785.1885,
1219.2809,783.7198,1219.2809,783.7198,
1218.2988,782.2538,1218.2988,782.2538,
1217.309,780.7949,1217.309,780.7949,
1216.3137,779.3462,1216.3137,779.3462,
1215.308,777.9,1215.308,777.9,
1214.2946,776.4605,1214.2946,776.4605,
1213.2729,775.027,1213.2729,775.027,
1212.2436,773.6002,1212.2436,773.6002,
1211.2039,772.1761,1211.2039,772.1761,
1210.1614,770.7651,1210.1614,770.7651,
1209.1062,769.3534,1209.1062,769.3534,
1208.0458,767.9515,1208.0458,767.9515,
1206.978,766.5562,1206.978,766.5562,
1205.9022,765.1668,1205.9022,765.1668,
1204.816,763.7802,1204.816,763.7802,
1203.7279,762.4067,1203.7279,762.4067,
1202.6241,761.0292,1202.6241,761.0292,
1201.5207,759.668,1201.5207,759.668,
1200.4067,758.3098,1200.4067,758.3098,
1199.2824,756.9544,1199.2824,756.9544,
1198.1531,755.6088,1198.1531,755.6088,
1197.019,754.2725,1197.019,754.2725,
1195.8718,752.9358,1195.8718,752.9358,
1194.723,751.6115,1194.723,751.6115,
1193.5609,750.2868,1193.5609,750.2868,
1192.3973,748.9747,1192.3973,748.9747,
1191.2292,747.6715,1191.2292,747.6715,
1190.0483,746.3675,1190.0483,746.3675,
1188.8661,745.0758,1188.8661,745.0758,
1187.6743,743.7868,1187.6743,743.7868,
1186.4783,742.5062,1186.4783,742.5062,
1185.2695,741.2249,1185.2695,741.2249,
1183.7542,739.6371,1183.7542,739.6371,
1182.5388,738.3779,1182.5388,738.3779,
1181.3136,737.1214,1181.3136,737.1214,
1180.0842,735.8736,1180.0842,735.8736,
1178.845,734.6287,1178.845,734.6287,
1177.6014,733.3924,1177.6014,733.3924,
1176.3483,732.159,1176.3483,732.159,
1175.0911,730.9337,1175.0911,730.9337,
1173.8278,729.7149,1173.8278,729.7149,
1172.2379,728.1978,1172.2379,728.1978,
1170.6445,726.6955,1170.6445,726.6955,
1169.0407,725.2008,1169.0407,725.2008,
1167.4209,723.7086,1167.4209,723.7086,
1165.8037,722.2356,1165.8037,722.2356,
1164.1747,720.7681,1164.1747,720.7681,
1162.2125,719.0204,1162.2125,719.0204,
1160.2323,717.2776,1160.2323,717.2776,
1158.2494,715.5522,1158.2494,715.5522,
1156.259,713.8386,1156.259,713.8386,
1154.257,712.1338,1154.257,712.1338,
1152.2477,710.4408,1152.2477,710.4408,
1150.231,708.7595,1150.231,708.7595,
1147.8654,706.8087,1147.8654,706.8087,
1145.1499,704.5946,1145.1499,704.5946,
1142.0868,702.1233,1142.0868,702.1233,
1137.6422,698.5749,1137.6422,698.5749,
1113.2445,679.3263,1113.2445,679.3263,
1034.4224,617.594,1034.4224,617.594,
974.3863,570.7489,974.3863,570.7489,
912.0598,522.2996,912.0598,522.2996,
833.3912,460.4884,833.3912,460.4884,
782.071,420.3348,782.071,420.3348,
702.8724,358.7504,702.8724,358.7504,
623.7602,296.9102,623.7602,296.9102,
544.6665,235.1179,544.6665,235.1179,
465.6549,173.4668,465.6549,173.4668,
386.6089,111.7009,386.6089,111.7009,
307.6032,49.9149,307.6032,49.9149,
228.5182,-12.0008,228.5182,-12.0008,
149.5549,-73.9269,149.5549,-73.9269,
70.5874,-135.7266,70.5874,-135.7266,
-8.5322,-197.3362,-8.5322,-197.3362,
-87.4711,-258.9954,-87.4711,-258.9954,
-154.408,-311.2065,-154.408,-311.2065,
-188.0101,-337.4442,-188.0101,-337.4442,
-229.5994,-370.1178,-229.5994,-370.1178,
-272.5975,-403.7401,-272.5975,-403.7401,
-307.6534,-431.0316,-307.6534,-431.0316,
-319.5039,-440.3647,-319.5039,-440.3647,
-330.9274,-449.457,-330.9274,-449.457,
-337.2127,-454.5104,-337.2127,-454.5104,
-341.2729,-457.8109,-341.2729,-457.8109,
-344.4727,-460.4398,-344.4727,-460.4398,
-347.4939,-462.9482,-347.4939,-462.9482,
-350.1652,-465.1896,-350.1652,-465.1896,
-352.6608,-467.3056,-352.6608,-467.3056,
-354.8118,-469.149,-354.8118,-469.149,
-356.7937,-470.8649,-356.7937,-470.8649,
-358.7602,-472.5861,-358.7602,-472.5861,
-360.5594,-474.1772,-360.5594,-474.1772,
-362.3428,-475.7705,-362.3428,-475.7705,
-364.129,-477.3833,-364.129,-477.3833,
-365.8955,-478.995,-365.8955,-478.995,
-367.5023,-480.4761,-367.5023,-480.4761,
-368.9337,-481.8097,-368.9337,-481.8097,
-370.3636,-483.1559,-370.3636,-483.1559,
-371.6279,-484.3586,-371.6279,-484.3586,
-372.8788,-485.5615,-372.8788,-485.5615,
-374.1343,-486.7817,-374.1343,-486.7817,
-375.3743,-488,-375.3743,-488,
-376.6151,-489.2326,-376.6151,-489.2326,
-377.8455,-490.4686,-377.8455,-490.4686,
-379.0677,-491.7103,-379.0677,-491.7103,
-380.2836,-492.9582,-380.2836,-492.9582,
-381.4946,-494.2155,-381.4946,-494.2155,
-382.6951,-495.4762,-382.6951,-495.4762,
-383.7426,-496.5882,-383.7426,-496.5882,
-384.7865,-497.708,-384.7865,-497.708,
-385.8249,-498.8333,-385.8249,-498.8333,
-386.8509,-499.9576,-386.8509,-499.9576,
-387.8761,-501.0933,-387.8761,-501.0933,
-388.8896,-502.2275,-388.8896,-502.2275,
-389.9024,-503.3733,-389.9024,-503.3733,
-390.9116,-504.5272,-390.9116,-504.5272,
-391.9093,-505.6802,-391.9093,-505.6802,
-392.9057,-506.8446,-392.9057,-506.8446,
-393.8934,-508.0108,-393.8934,-508.0108,
-394.8749,-509.1822,-394.8749,-509.1822,
-395.8529,-510.362,-395.8529,-510.362,
-396.8191,-511.5401,-396.8191,-511.5401,
-397.9201,-512.8978,-397.9201,-512.8978,
-399.0166,-514.2649,-399.0166,-514.2649,
-400.1034,-515.6344,-400.1034,-515.6344,
-401.3163,-517.1795,-401.3163,-517.1795,
-402.6565,-518.9046,-402.6565,-518.9046,
-404.1194,-520.8083,-404.1194,-520.8083,
-405.708,-522.8991,-405.708,-522.8991,
-407.281,-524.9912,-407.281,-524.9912,
-409.1092,-527.4492,-409.1092,-527.4492,
-411.4426,-530.6199,-411.4426,-530.6199,
-416.0744,-536.9845,-416.0744,-536.9845,
-423.1099,-546.7459,-423.1099,-546.7459,
-438.0055,-567.5851,-438.0055,-567.5851,
-440.711,-571.2993,-440.711,-571.2993,
-443.301,-574.8175,-443.301,-574.8175,
-445.5274,-577.8084,-445.5274,-577.8084,
-447.3688,-580.2555,-447.3688,-580.2555,
-448.961,-582.3489,-448.961,-582.3489,
-450.2957,-584.0843,-450.2957,-584.0843,
-451.5066,-585.642,-451.5066,-585.642,
-452.5897,-587.02,-452.5897,-587.02,
-453.6773,-588.3887,-453.6773,-588.3887,
-454.6371,-589.5832,-454.6371,-589.5832,
-455.6033,-590.7726,-455.6033,-590.7726,
-456.579,-591.9597,-456.579,-591.9597,
-457.4206,-592.9722,-457.4206,-592.9722,
-458.265,-593.9769,-458.265,-593.9769,
-459.115,-594.9769,-459.115,-594.9769,
-459.9764,-595.9786,-459.9764,-595.9786,
-460.6985,-596.8097,-460.6985,-596.8097,
-461.4194,-597.6308,-461.4194,-597.6308,
-462.2916,-598.6135,-462.2916,-598.6135,
-463.1725,-599.5939,-463.1725,-599.5939,
-463.9108,-600.4068,-463.9108,-600.4068,
-464.6476,-601.2098,-464.6476,-601.2098,
-465.3976,-602.0183,-465.3976,-602.0183,
-466.1494,-602.8201,-466.1494,-602.8201,
-466.8999,-603.612,-466.8999,-603.612,
-467.658,-604.4032,-467.658,-604.4032,
-468.4204,-605.1904,-468.4204,-605.1904,
-469.1936,-605.9802,-469.1936,-605.9802,
-469.9656,-606.76,-469.9656,-606.76,
-470.7423,-607.5352,-470.7423,-607.5352,
-471.5247,-608.3074,-471.5247,-608.3074,
-472.3115,-609.075,-472.3115,-609.075,
-473.1029,-609.838,-473.1029,-609.838,
-473.9005,-610.5979,-473.9005,-610.5979,
-474.7026,-611.3528,-474.7026,-611.3528,
-475.5074,-612.101,-475.5074,-612.101,
-476.3166,-612.8444,-476.3166,-612.8444,
-477.1286,-613.5811,-477.1286,-613.5811,
-477.9491,-614.3159,-477.9491,-614.3159,
-478.7742,-615.0456,-478.7742,-615.0456,
-479.6025,-615.768,-479.6025,-615.768,
-480.4343,-616.4833,-480.4343,-616.4833,
-481.2748,-617.1967,-481.2748,-617.1967,
-482.1202,-617.9043,-482.1202,-617.9043,
-482.9731,-618.6081,-482.9731,-618.6081,
-483.8213,-619.2984,-483.8213,-619.2984,
-484.6826,-619.9894,-484.6826,-619.9894,
-485.5433,-620.6698,-485.5433,-620.6698,
-486.4132,-621.347,-486.4132,-621.347,
-487.2868,-622.0172,-487.2868,-622.0172,
-488.1653,-622.6809,-488.1653,-622.6809,
-489.048,-623.3372,-489.048,-623.3372,
-489.9404,-623.9896,-489.9404,-623.9896,
-490.8321,-624.6305,-490.8321,-624.6305,
-491.7292,-625.2638,-491.7292,-625.2638,
-492.6364,-625.8923,-492.6364,-625.8923,
-493.5432,-626.5086,-493.5432,-626.5086,
-494.4605,-627.1193,-494.4605,-627.1193,
-495.3834,-627.7211,-495.3834,-627.7211,
-496.3125,-628.3131,-496.3125,-628.3131,
-497.2476,-628.8955,-497.2476,-628.8955,
-498.1885,-629.4682,-498.1885,-629.4682,
-499.1356,-630.0306,-499.1356,-630.0306,
-500.0841,-630.5798,-500.0841,-630.5798,
-501.0439,-631.1212,-501.0439,-631.1212,
-502.0056,-631.6493,-502.0056,-631.6493,
-502.9789,-632.169,-502.9789,-632.169,
-503.9589,-632.6774,-503.9589,-632.6774,
-504.9358,-633.1696,-504.9358,-633.1696,
-505.9294,-633.6556,-505.9294,-633.6556,
-506.92,-634.1256,-506.92,-634.1256,
-507.9176,-634.5844,-507.9176,-634.5844,
-508.9261,-635.0338,-508.9261,-635.0338,
-509.9373,-635.4708,-509.9373,-635.4708,
-510.9554,-635.8967,-510.9554,-635.8967,
-511.9746,-636.3093,-511.9746,-636.3093,
-513.0002,-636.7113,-513.0002,-636.7113,
-514.0264,-637.1003,-514.0264,-637.1003,
-515.0593,-637.4789,-515.0593,-637.4789,
-516.0988,-637.8475,-516.0988,-637.8475,
-517.1448,-638.2057,-517.1448,-638.2057,
-518.1948,-638.5524,-518.1948,-638.5524,
-519.2415,-638.8857,-519.2415,-638.8857,
-520.2949,-639.209,-520.2949,-639.209,
-521.355,-639.5221,-521.355,-639.5221,
-522.4153,-639.8231,-522.4153,-639.8231,
-523.4758,-640.1119,-523.4758,-640.1119,
-524.5428,-640.3899,-524.5428,-640.3899,
-525.6102,-640.6564,-525.6102,-640.6564,
-526.6843,-640.9125,-526.6843,-640.9125,
-527.7586,-641.1565,-527.7586,-641.1565,
-528.833,-641.3891,-528.833,-641.3891,
-529.9136,-641.6115,-529.9136,-641.6115,
-530.9947,-641.8225,-530.9947,-641.8225,
-532.0825,-642.023,-532.0825,-642.023,
-533.1704,-642.2121,-533.1704,-642.2121,
-534.2582,-642.3898,-534.2582,-642.3898,
-535.3458,-642.5561,-535.3458,-642.5561,
-536.4336,-642.7111,-536.4336,-642.7111,
-537.5283,-642.8557,-537.5283,-642.8557,
-538.6231,-642.989,-538.6231,-642.989,
-539.7177,-643.1108,-539.7177,-643.1108,
-540.8121,-643.2212,-540.8121,-643.2212,
-541.9127,-643.3207,-541.9127,-643.3207,
-543.0075,-643.4081,-543.0075,-643.4081,
-544.1091,-643.4843,-544.1091,-643.4843,
-545.2107,-643.5491,-545.2107,-643.5491,
-546.312,-643.6029,-546.312,-643.6029,
-547.4135,-643.6448,-547.4135,-643.6448,
-548.5148,-643.6756,-548.5148,-643.6756,
-549.6233,-643.6956,-549.6233,-643.6956,
-550.7248,-643.704,-550.7248,-643.704,
-551.8328,-643.702,-551.8328,-643.702,
-552.9343,-643.6885,-552.9343,-643.6885,
-554.0362,-643.6645,-554.0362,-643.6645,
-555.1446,-643.6294,-555.1446,-643.6294,
-556.246,-643.5841,-556.246,-643.5841,
-557.3472,-643.5276,-557.3472,-643.5276,
-558.4555,-643.4601,-558.4555,-643.4601,
-559.5571,-643.3817,-559.5571,-643.3817,
-560.6587,-643.2922,-560.6587,-643.2922,
-561.7601,-643.1914,-561.7601,-643.1914,
-562.8545,-643.0799,-562.8545,-643.0799,
-563.9558,-642.9558,-563.9558,-642.9558,
-565.0503,-642.8206,-565.0503,-642.8206,
-566.1446,-642.673,-566.1446,-642.673,
-567.24,-642.5134,-567.24,-642.5134,
-568.3269,-642.3421,-568.3269,-642.3421,
-569.4157,-642.158,-569.4157,-642.158,
-570.5022,-641.9615,-570.5022,-641.9615,
-571.5903,-641.7518,-571.5903,-641.7518,
-572.6713,-641.5304,-572.6713,-641.5304,
-573.7519,-641.2957,-573.7519,-641.2957,
-574.8259,-641.0495,-574.8259,-641.0495,
-575.9016,-640.789,-575.9016,-640.789,
-576.9675,-640.517,-576.9675,-640.517,
-578.0354,-640.2304,-578.0354,-640.2304,
-579.0963,-639.9313,-579.0963,-639.9313,
-580.1562,-639.618,-580.1562,-639.618,
-581.2087,-639.292,-581.2087,-639.292,
-582.2632,-638.9502,-582.2632,-638.9502,
-583.3008,-638.5989,-583.3008,-638.5989,
-584.3407,-638.2318,-584.3407,-638.2318,
-585.3825,-637.8482,-585.3825,-637.8482,
-586.4071,-637.4555,-586.4071,-637.4555,
-587.4345,-637.0466,-587.4345,-637.0466,
-588.4545,-636.625,-588.4545,-636.625,
-589.4672,-636.1914,-589.4672,-636.1914,
-590.4781,-635.7431,-590.4781,-635.7431,
-591.4821,-635.2832,-591.4821,-635.2832,
-592.4833,-634.8094,-592.4833,-634.8094,
-593.4732,-634.3267,-593.4732,-634.3267,
-594.4606,-633.8307,-594.4606,-633.8307,
-595.4418,-633.323,-595.4418,-633.323,
-596.4161,-632.8051,-596.4161,-632.8051,
-597.3895,-632.2741,-597.3895,-632.2741,
-598.3518,-631.7357,-598.3518,-631.7357,
-599.3126,-631.1848,-599.3126,-631.1848,
-600.2676,-630.6239,-600.2676,-630.6239,
-601.2118,-630.0564,-601.2118,-630.0564,
-602.1553,-629.4768,-602.1553,-629.4768,
-603.0933,-628.8882,-603.0933,-628.8882,
-604.0258,-628.2905,-604.0258,-628.2905,
-604.9529,-627.6841,-604.9529,-627.6841,
-605.8695,-627.0721,-605.8695,-627.0721,
-606.7856,-626.4481,-606.7856,-626.4481,
-607.6967,-625.8151,-607.6967,-625.8151,
-608.6019,-625.1728,-608.6019,-625.1728,
-609.4964,-624.525,-609.4964,-624.525,
-610.3855,-623.8682,-610.3855,-623.8682,
-611.2689,-623.2019,-611.2689,-623.2019,
-612.1412,-622.53,-612.1412,-622.53,
-613.013,-621.8436,-613.013,-621.8436,
-613.8733,-621.1514,-613.8733,-621.1514,
-614.7273,-620.449,-614.7273,-620.449,
-615.5706,-619.739,-615.5706,-619.739,
-616.4111,-619.0148,-616.4111,-619.0148,
-617.2406,-618.2825,-617.2406,-618.2825,
-618.0539,-617.5473,-618.0539,-617.5473,
-618.864,-616.7973,-618.864,-616.7973,
-619.6683,-616.0338,-619.6683,-616.0338,
-620.456,-615.2671,-620.456,-615.2671,
-621.2362,-614.4887,-621.2362,-614.4887,
-622.0089,-613.6982,-622.0089,-613.6982,
-622.7646,-612.9047,-622.7646,-612.9047,
-623.5183,-612.0935,-623.5183,-612.0935,
-624.2553,-611.2798,-624.2553,-611.2798,
-624.9817,-610.4573,-624.9817,-610.4573,
-625.7001,-609.623,-625.7001,-609.623,
-626.408,-608.7802,-626.408,-608.7802,
-627.1025,-607.932,-627.1025,-607.932,
-627.7868,-607.0752,-627.7868,-607.0752,
-628.4634,-606.2066,-628.4634,-606.2066,
-629.1299,-605.3298,-629.1299,-605.3298,
-629.7834,-604.4483,-629.7834,-604.4483,
-630.4266,-603.5584,-630.4266,-603.5584,
-631.0602,-602.6601,-631.0602,-602.6601,
-631.681,-601.7576,-631.681,-601.7576,
-632.2943,-600.8436,-632.2943,-600.8436,
-632.8931,-599.9289,-632.8931,-599.9289,
-633.4824,-599.006,-633.4824,-599.006,
-634.0625,-598.0747,-634.0625,-598.0747,
-634.6323,-597.1371,-634.6323,-597.1371,
-635.1912,-596.1942,-635.1912,-596.1942,
-635.7385,-595.2483,-635.7385,-595.2483,
-636.2739,-594.2997,-636.2739,-594.2997,
-636.8054,-593.3342,-636.8054,-593.3342,
-637.3208,-592.3748,-637.3208,-592.3748,
-637.8327,-591.3986,-637.8327,-591.3986,
-638.3291,-590.4288,-638.3291,-590.4288,
-638.8189,-589.4483,-638.8189,-589.4483,
-639.2962,-588.4683,-639.2962,-588.4683,
-639.7659,-587.48,-639.7659,-587.48,
-640.2243,-586.4896,-640.2243,-586.4896,
-640.6757,-585.4881,-640.6757,-585.4881,
-641.116,-584.4849,-641.116,-584.4849,
-641.543,-583.4847,-641.543,-583.4847,
-641.9638,-582.4708,-641.9638,-582.4708,
-642.3713,-581.4599,-642.3713,-581.4599,
-642.7687,-580.4448,-642.7687,-580.4448,
-643.1568,-579.423,-643.1568,-579.423,
-643.5348,-578.3976,-643.5348,-578.3976,
-643.9038,-577.365,-643.9038,-577.365,
-644.2627,-576.3289,-644.2627,-576.3289,
-644.61,-575.2937,-644.61,-575.2937,
-644.9463,-574.2592,-644.9463,-574.2592,
-645.2756,-573.2136,-645.2756,-573.2136,
-645.5949,-572.1669,-645.5949,-572.1669,
-645.9066,-571.111,-645.9066,-571.111,
-646.2057,-570.0644,-646.2057,-570.0644,
-646.4979,-569.0068,-646.4979,-569.0068,
-646.7803,-567.9502,-646.7803,-567.9502,
-647.0557,-566.8825,-647.0557,-566.8825,
-647.3191,-565.8246,-647.3191,-565.8246,
-647.5752,-564.757,-647.5752,-564.757,
-647.8217,-563.6889,-647.8217,-563.6889,
-648.0586,-562.6202,-648.0586,-562.6202,
-648.2879,-561.5415,-648.2879,-561.5415,
-648.5057,-560.4716,-648.5057,-560.4716,
-648.7156,-559.3933,-648.7156,-559.3933,
-648.916,-558.3144,-648.916,-558.3144,
-649.1069,-557.2348,-649.1069,-557.2348,
-649.288,-556.1549,-649.288,-556.1549,
-649.4593,-555.0757,-649.4593,-555.0757,
-649.6223,-553.986,-649.6223,-553.986,
-649.7742,-552.9059,-649.7742,-552.9059,
-649.9176,-551.8154,-649.9176,-551.8154,
-650.0512,-550.7254,-650.0512,-550.7254,
-650.1748,-549.6343,-650.1748,-549.6343,
-650.2885,-548.5443,-650.2885,-548.5443,
-650.3922,-547.4539,-650.3922,-547.4539,
-650.4859,-546.3633,-650.4859,-546.3633,
-650.5695,-545.2729,-650.5695,-545.2729,
-650.6441,-544.1714,-650.6441,-544.1714,
-650.7078,-543.0807,-650.7078,-543.0807,
-650.7626,-541.9791,-650.7626,-541.9791,
-650.8069,-540.8887,-650.8069,-540.8887,
-650.8421,-539.7873,-650.8421,-539.7873,
-650.8676,-538.6967,-650.8676,-538.6967,
-650.8837,-537.5951,-650.8837,-537.5951,
-650.8905,-536.5046,-650.8905,-536.5046,
-650.8879,-535.4031,-650.8879,-535.4031,
-650.8762,-534.3126,-650.8762,-534.3126,
-650.855,-533.2109,-650.855,-533.2109,
-650.8245,-532.1205,-650.8245,-532.1205,
-650.7843,-531.0189,-650.7843,-531.0189,
-650.7344,-529.9174,-650.7344,-529.9174,
-650.6749,-528.8268,-650.6749,-528.8268,
-650.6059,-527.7365,-650.6059,-527.7365,
-650.5261,-526.6347,-650.5261,-526.6347,
-650.4369,-525.5443,-650.4369,-525.5443,
-650.3373,-524.4542,-650.3373,-524.4542,
-650.2273,-523.3638,-650.2273,-523.3638,
-650.1067,-522.273,-650.1067,-522.273,
-649.9752,-521.1828,-649.9752,-521.1828,
-649.8327,-520.0923,-649.8327,-520.0923,
-649.6794,-519.0022,-649.6794,-519.0022,
-649.5166,-517.9227,-649.5166,-517.9227,
-649.3413,-516.833,-649.3413,-516.833,
-649.1565,-515.7525,-649.1565,-515.7525,
-648.9609,-514.6739,-648.9609,-514.6739,
-648.7546,-513.5949,-648.7546,-513.5949,
-648.5391,-512.5259,-648.5391,-512.5259,
-648.3106,-511.4472,-648.3106,-511.4472,
-648.0732,-510.3786,-648.0732,-510.3786,
-647.8253,-509.3108,-647.8253,-509.3108,
-647.5662,-508.2423,-647.5662,-508.2423,
-647.2965,-507.1749,-647.2965,-507.1749,
-647.0185,-506.1172,-647.0185,-506.1172,
-646.7263,-505.0484,-646.7263,-505.0484,
-646.427,-503.9928,-646.427,-503.9928,
-646.1192,-502.9448,-646.1192,-502.9448,
-645.7981,-501.8897,-645.7981,-501.8897,
-645.4682,-500.8422,-645.4682,-500.8422,
-645.1283,-499.7977,-645.1283,-499.7977,
-644.7804,-498.7625,-644.7804,-498.7625,
-644.4177,-497.7165,-644.4177,-497.7165,
-644.0476,-496.6819,-644.0476,-496.6819,
-643.6703,-495.6587,-643.6703,-495.6587,
-643.2776,-494.6249,-643.2776,-494.6249,
-642.8768,-493.6002,-642.8768,-493.6002,
-642.4688,-492.5867,-642.4688,-492.5867,
-642.05,-491.5748,-642.05,-491.5748,
-641.619,-490.5622,-641.619,-490.5622,
-641.1774,-489.5514,-641.1774,-489.5514,
-640.7276,-488.5492,-640.7276,-488.5492,
-640.2708,-487.558,-640.2708,-487.558,
-639.7979,-486.557,-639.7979,-486.557,
-639.3225,-485.5762,-639.3225,-485.5762,
-638.8319,-484.5883,-638.8319,-484.5883,
-638.3333,-483.6088,-638.3333,-483.6088,
-637.8282,-482.6402,-637.8282,-482.6402,
-637.3105,-481.6709,-637.3105,-481.6709,
-636.7819,-480.7036,-636.7819,-480.7036,
-636.2469,-479.7475,-636.2469,-479.7475,
-635.6991,-478.791,-635.6991,-478.791,
-635.145,-477.8453,-635.145,-477.8453,
-634.5847,-476.9102,-634.5847,-476.9102,
-634.0111,-475.9749,-634.0111,-475.9749,
-633.4266,-475.0422,-633.4266,-475.0422,
-632.8357,-474.1202,-632.8357,-474.1202,
-632.2366,-473.2057,-632.2366,-473.2057,
-631.6267,-472.2941,-631.6267,-472.2941,
-631.0084,-471.3899,-631.0084,-471.3899,
-630.3813,-470.4919,-630.3813,-470.4919,
-629.7459,-469.6013,-629.7459,-469.6013,
-629.1,-468.7133,-629.1,-468.7133,
-628.446,-467.8323,-628.446,-467.8323,
-627.7891,-466.9644,-627.7891,-466.9644,
-627.1191,-466.0961,-627.1191,-466.0961,
-626.444,-465.2376,-626.444,-465.2376,
-625.7586,-464.3818,-625.7586,-464.3818,
-625.0679,-463.5359,-625.0679,-463.5359,
-624.3643,-462.6894,-624.3643,-462.6894,
-623.6585,-461.856,-623.6585,-461.856,
-622.9477,-461.0321,-622.9477,-461.0321,
-622.2235,-460.2077,-622.2235,-460.2077,
-621.4916,-459.3902,-621.4916,-459.3902,
-620.757,-458.5849,-620.757,-458.5849,
-620.012,-457.7833,-620.012,-457.7833,
-619.2562,-456.9853,-619.2562,-456.9853,
-618.5011,-456.2026,-618.5011,-456.2026,
-617.7294,-455.4179,-617.7294,-455.4179,
-616.9581,-454.6486,-616.9581,-454.6486,
-616.1729,-453.8794,-616.1729,-453.8794,
-615.3807,-453.1175,-615.3807,-453.1175,
-614.5855,-452.3664,-614.5855,-452.3664,
-613.7746,-451.6139,-613.7746,-451.6139,
-612.9591,-450.87,-612.9591,-450.87,
-612.1394,-450.1344,-612.1394,-450.1344,
-611.3102,-449.4015,-611.3102,-449.4015,
-610.4735,-448.6729,-610.4735,-448.6729,
-609.6324,-447.9494,-609.6324,-447.9494,
-608.7827,-447.2278,-608.7827,-447.2278,
-607.7587,-446.3685,-607.7587,-446.3685,
-606.7259,-445.5115,-606.7259,-445.5115,
-605.3435,-444.3768,-605.3435,-444.3768,
-603.4171,-442.8128,-603.4171,-442.8128,
-588.4371,-430.8041,-588.4371,-430.8041,
-574.8993,-420.0434,-574.8993,-420.0434,
-525.924,-381.4868,-525.924,-381.4868,
-513.1453,-371.528,-513.1453,-371.528,
-500.5737,-361.8221,-500.5737,-361.8221,
-497.2388,-359.2787,-497.2388,-359.2787,
-494.9764,-357.5714,-494.9764,-357.5714,
-492.9796,-356.0796,-492.9796,-356.0796,
-490.9573,-354.5851,-490.9573,-354.5851,
-489.2062,-353.3052,-489.2062,-353.3052,
-487.4352,-352.0248,-487.4352,-352.0248,
-485.6482,-350.7474,-485.6482,-350.7474,
-483.8405,-349.4702,-483.8405,-349.4702,
-481.7106,-347.9826,-481.7106,-347.9826,
-479.5642,-346.5005,-479.5642,-346.5005,
-476.7792,-344.5989,-476.7792,-344.5989,
-471.127,-340.7859,-471.127,-340.7859,
-464.1031,-336.0538,-464.1031,-336.0538,
-460.8779,-333.8552,-460.8779,-333.8552,
-457.9571,-331.841,-457.9571,-331.841,
-455.353,-330.0242,-455.353,-330.0242,
-452.7382,-328.1794,-452.7382,-328.1794,
-450.1088,-326.3026,-450.1088,-326.3026,
-447.4705,-324.3968,-447.4705,-324.3968,
-444.8268,-322.4651,-444.8268,-322.4651,
-442.1738,-320.5051,-442.1738,-320.5051,
-439.1728,-318.2636,-439.1728,-318.2636,
-435.8233,-315.7345,-435.8233,-315.7345,
-431.7823,-312.6497,-431.7823,-312.6497,
-426.3529,-308.4606,-426.3529,-308.4606,
-417.0512,-301.2034,-417.0512,-301.2034,
-338.3685,-239.4258,-338.3685,-239.4258,
-259.3387,-178.0121,-259.3387,-178.0121,
-180.2783,-116.348,-180.2783,-116.348,
-126.3428,-74.2401,-126.3428,-74.2401,
-99.8713,-53.442,-99.8713,-53.442,
-59.8145,-21.7843,-59.8145,-21.7843,
-55.444,-18.3785,-55.444,-18.3785,
-53.6096,-16.9665,-53.6096,-16.9665,
-52.3412,-16.0017,-52.3412,-16.0017,
-51.4482,-15.3301,-51.4482,-15.3301,
-50.5613,-14.6702,-50.5613,-14.6702,
-49.6842,-14.0263,-49.6842,-14.0263,
-48.8124,-13.3963,-48.8124,-13.3963,
-47.9508,-12.784,-47.9508,-12.784,
-47.0934,-12.1864,-47.0934,-12.1864,
-46.2452,-11.6075,-46.2452,-11.6075,
-45.4011,-11.0451,-45.4011,-11.0451,
-44.3935,-10.3921,-44.3935,-10.3921,
-43.3908,-9.7638,-43.3908,-9.7638,
-42.3937,-9.161,-42.3937,-9.161,
-41.3957,-8.5815,-41.3957,-8.5815,
-40.4022,-8.0284,-40.4022,-8.0284,
-39.413,-7.5013,-39.413,-7.5013,
-38.4185,-6.9954,-38.4185,-6.9954,
-37.4222,-6.5126,-37.4222,-6.5126,
-36.4309,-6.056,-36.4309,-6.056,
-35.4333,-5.6193,-35.4333,-5.6193,
-34.4419,-5.2071,-34.4419,-5.2071,
-33.4412,-4.8129,-33.4412,-4.8129,
-32.4443,-4.441,-32.4443,-4.441,
-31.4447,-4.0874,-31.4447,-4.0874,
-30.4466,-3.753,-30.4466,-3.753,
-29.4465,-3.4351,-29.4465,-3.4351,
-28.4545,-3.1349,-28.4545,-3.1349,
-27.4554,-2.8468,-27.4554,-2.8468,
-26.4656,-2.5733,-26.4656,-2.5733,
-25.4732,-2.309,-25.4732,-2.309,
-24.4878,-2.0535,-24.4878,-2.0535,
-20.4254,-1.0191,-20.4254,-1.0191,
-19.3095,-0.72106,-19.3095,-0.72106,
-18.2012,-0.41076,-18.2012,-0.41076,
-17.1137,-0.087836,-17.1137,-0.087836,
-16.0418,0.25221,-16.0418,0.25221,
-14.9799,0.61396,-14.9799,0.61396,
-13.9415,0.99492,-13.9415,0.99492,
-12.9234,1.3967,-12.9234,1.3967,
-11.9252,1.8201,-11.9252,1.8201,
-10.9434,2.2675,-10.9434,2.2675,
-9.9801,2.7372,-9.9801,2.7372,
-9.0469,3.2222,-9.0469,3.2222,
-8.1332,3.7272,-8.1332,3.7272,
-7.238,4.2512,-7.238,4.2512,
-6.3704,4.7868,-6.3704,4.7868,
-5.5293,5.3318,-5.5293,5.3318,
-4.5932,5.9671,-4.5932,5.9671,
-3.6735,6.6193,-3.6735,6.6193,
-2.7833,7.2745,-2.7833,7.2745,
-1.9159,7.9329,-1.9159,7.9329,
-1.0689,8.5919,-1.0689,8.5919,
-0.23103,9.2555,-0.23103,9.2555,
0.69516,9.9978,0.69516,9.9978,
16.2784,22.6116,16.2784,22.6116,
18.0641,24.0378,18.0641,24.0378,

